ONS code,Planning authority,Dwellings,"Offices, research and development, light industry","General industry, storage, warehousing","Retail
and
service",Traveller pitches,All other major and minor developments,Change of Use,Householder developments,Advertisements,Listed building consents (to alter/extend),listed building consents (to demolish),Conservation area consents,Total,Enforcement Notices issued,Stop Notices issued,Temporary Stop Notices issued,Breach of Condition Notices served,Planning Contravention Notices served ,Enforcement injunctions granted by High Court or County Court,Enforcement injunctions refused by High Court or County Court    ,Year
NaN,England,"50,044","2,919","2,687","7,670",321,"66,762","24,589","183,780","20,911","27,368",592,"3,190","418,475","4,568",118,206,753,"4,573",40,3,2012
NaN,London boroughs,8923,618,188,2117,2,11075,3446,27985,4821,4747,77,730,76156,1682,13,30,110,1466,2,1,2012
E09000002,Barking and Dagenham,58,5,16,36,0,75,64,328,38,3,0,0,714,13,0,0,0,0,0,0,2012
E09000003,Barnet,417,5,3,4,0,406,108,"1,724",121,89,3,43,"3,736",83,0,0,2,57,0,0,2012
E09000004,Bexley,90,8,5,2,0,206,102,933,61,7,0,0,"1,571",14,0,0,2,23,1,0,2012
E09000005,Brent,180,13,23,75,0,464,89,961,90,8,0,5,"2,524",167,0,0,0,64,0,0,2012
E09000006,Bromley,289,1,2,4,0,333,158,"1,584",114,35,2,31,"3,005",42,1,0,10,11,0,0,2012
E09000007,Camden,"1,002",132,2,159,0,280,105,425,212,422,2,46,"3,411",87,0,1,2,0,0,0,2012
E09000001,City of London,7,118,1,41,0,62,101,4,142,138,3,3,621,0,0,0,0,0,0,0,2012
E09000008,Croydon,423,15,8,89,0,611,128,862,104,1,0,7,"2,546",2,0,0,0,0,0,0,2012
E09000009,Ealing,246,7,12,5,0,526,156,"1,156",119,53,5,14,"3,020",50,0,1,3,52,0,0,2012
E09000010,Enfield,112,10,9,34,0,296,93,934,83,11,3,6,"1,912",42,0,7,3,36,0,0,2012
E09000011,Greenwich,55,0,2,0,0,414,115,546,145,82,1,19,"1,556",7,1,3,0,6,0,0,2012
E09000012,Hackney,346,7,5,42,1,243,161,415,95,63,7,34,"1,732",85,0,3,6,222,0,0,2012
E09000013,Hammersmith and Fulham,184,4,0,81,0,162,98,"1,377",64,10,0,4,"2,158",NaN,NaN,NaN,NaN,NaN,NaN,NaN,2012
E09000014,Haringey,186,4,4,57,0,77,92,989,73,33,2,34,"1,898",123,0,0,0,109,0,0,2012
E09000015,Harrow,200,13,8,91,0,146,47,"1,145",64,28,3,12,"2,211",32,0,2,0,0,0,1,2012
E09000016,Havering,135,9,7,7,0,172,56,756,60,3,0,0,"1,415",NaN,NaN,NaN,NaN,NaN,NaN,NaN,2012
E09000017,Hillingdon,237,8,7,44,0,201,50,"1,230",90,44,0,4,"2,369",NaN,NaN,NaN,NaN,NaN,NaN,NaN,2012
E09000018,Hounslow,152,33,21,76,0,168,119,"1,057",148,47,0,34,"2,319",55,0,0,2,30,0,0,2012
E09000019,Islington,232,14,2,52,0,340,146,528,124,296,0,23,"1,909",59,1,1,2,1,0,0,2012
E09000020,Kensington and Chelsea,854,10,0,134,0,332,189,"1,081",285,692,4,86,"3,976",48,0,0,6,4,0,0,2012
E09000021,Kingston upon Thames,150,2,0,18,0,179,72,842,79,24,0,14,"1,690",0,0,0,0,0,0,0,2012
E09000022,Lambeth,266,11,3,30,1,544,80,827,113,127,20,26,"2,359",20,0,0,4,12,0,0,2012
E09000023,Lewisham,288,0,5,62,0,347,56,421,96,50,0,10,"1,558",NaN,NaN,NaN,NaN,NaN,NaN,NaN,2012
E09000024,Merton,108,4,1,8,0,173,55,914,75,21,2,15,"1,800",11,0,2,5,0,0,0,2012
E09000025,Newham,104,2,3,24,0,270,59,407,113,11,0,30,"1,305",395,3,7,0,408,0,0,2012
E09000026,Redbridge,169,0,4,0,0,257,80,"1,208",73,13,0,10,"2,371",62,0,0,47,3,0,0,2012
E09000027,Richmond upon Thames,150,12,3,64,0,688,64,"1,651",118,129,0,21,"3,593",24,0,2,2,15,0,0,2012
E09000028,Southwark,438,36,9,108,0,229,73,420,170,155,1,23,"1,930",17,3,1,5,112,0,0,2012
E09000029,Sutton,158,3,1,16,0,140,44,658,50,11,0,7,"1,286",0,0,0,0,1,0,0,2012
E09000030,Tower Hamlets,206,13,3,52,0,379,116,218,162,159,3,27,"1,458",0,0,0,0,0,0,0,2012
E09000031,Waltham Forest,266,2,3,41,0,162,73,445,63,10,3,7,"1,383",80,3,0,6,2,0,0,2012
E09000032,Wandsworth,873,31,13,112,0,216,103,"1,455",126,38,0,37,"3,391",9,0,0,1,0,0,0,2012
E09000033,Westminster,342,86,3,549,0,"1,977",394,484,"1,351","1,934",13,98,"7,429",155,1,0,2,298,1,0,2012
NaN,England,"54,083","2,628","2,621","7,419",306,"66,330","23,884","186,433","20,663","28,587",573,"2,310","426,517","4,698",161,204,795,"4,882",29,6,2013
NaN,London boroughs,"9,560",566,204,"1,912",0,"12,854","3,510","30,199","4,760","5,183",64,604,"82,714","2,038",59,28,125,"2,014",4,0,2013
E09000002,Barking and Dagenham,48,5,14,36,0,63,53,255,35,2,1,0,591,7,0,0,0,0,0,0,2013
E09000003,Barnet,537,0,0,4,0,445,96,1882,103,103,5,27,4191,124,0,0,0,51,0,0,2013
E09000004,Bexley,104,7,3,17,0,218,83,937,85,12,0,0,1623,7,0,0,0,28,1,0,2013
E09000005,Brent,190,9,25,68,0,562,81,1062,113,14,0,15,2778,193,0,0,0,73,0,0,2013
E09000006,Bromley,244,1,2,7,0,384,155,1611,133,34,3,18,3059,47,0,0,6,9,0,0,2013
E09000007,Camden,878,117,1,126,0,255,153,451,226,536,1,30,3555,72,0,1,1,0,0,0,2013
E09000001,City of London,13,79,2,42,0,85,67,0,124,135,0,8,564,0,0,0,0,0,0,0,2013
E09000008,Croydon,384,10,8,91,0,677,127,980,115,8,1,8,2935,6,0,0,1,0,0,0,2013
E09000009,Ealing,313,7,9,20,0,489,125,1145,115,70,8,9,3047,75,1,1,0,360,0,0,2013
E09000010,Enfield,163,2,8,38,0,308,104,882,91,22,3,0,2036,30,0,4,3,19,0,0,2013
E09000011,Greenwich,85,0,0,2,0,600,98,540,111,85,3,25,1746,7,0,1,0,6,0,0,2013
E09000012,Hackney,327,22,1,24,0,469,172,455,114,83,3,27,1943,47,5,4,2,125,0,0,2013
E09000013,Hammersmith and Fulham,257,13,1,64,0,246,108,1873,114,59,2,33,2950,28,0,1,2,26,0,0,2013
E09000014,Haringey,196,8,6,80,0,88,86,979,103,43,2,18,1965,99,0,0,0,118,0,0,2013
E09000015,Harrow,199,16,4,52,0,133,39,1086,53,24,2,5,2089,23,0,0,1,0,0,0,2013
E09000016,Havering,183,6,8,14,0,225,62,983,81,9,1,1,1820,0,0,0,0,0,0,0,2013
E09000017,Hillingdon,221,3,10,44,0,241,52,1254,102,36,0,6,2482,60,1,0,1,70,2,0,2013
E09000018,Hounslow,158,27,31,63,0,163,82,1024,128,37,0,13,2623,144,0,0,1,35,0,0,2013
E09000019,Islington,187,32,6,70,0,608,133,506,153,314,0,13,2183,20,0,0,1,21,0,0,2013
E09000020,Kensington and Chelsea,897,3,2,84,0,344,142,1359,208,695,5,62,4169,26,0,0,1,1,0,0,2013
E09000021,Kingston upon Thames,115,1,2,14,0,201,65,877,95,16,1,7,1760,0,0,0,0,0,0,0,2013
E09000022,Lambeth,291,4,1,13,0,632,113,997,144,140,3,27,2792,13,0,0,2,4,0,0,2013
E09000023,Lewisham,173,4,6,4,0,758,68,465,74,26,1,8,1853,1,0,0,21,22,0,0,2013
E09000024,Merton,168,1,2,3,0,209,60,996,63,28,2,18,2001,20,0,0,2,3,0,0,2013
E09000025,Newham,143,3,5,27,0,234,89,479,62,11,0,2,1374,451,34,7,3,260,1,0,2013
E09000026,Redbridge,158,0,2,4,0,266,86,1109,67,16,0,11,2258,61,0,2,51,4,0,0,2013
E09000027,Richmond upon Thames,207,17,8,62,0,713,80,1786,128,152,0,26,4019,18,0,0,1,30,0,0,2013
E09000028,Southwark,667,39,14,102,0,289,69,587,163,142,1,15,2408,29,0,1,1,77,0,0,2013
E09000029,Sutton,140,4,3,23,0,156,51,704,85,13,0,5,1387,5,0,0,1,0,0,0,2013
E09000030,Tower Hamlets,243,19,5,64,0,271,161,217,132,166,1,29,1468,77,13,0,11,1,0,0,2013
E09000031,Waltham Forest,314,0,6,54,0,176,77,467,92,9,0,2,1542,124,5,6,3,4,0,0,2013
E09000032,Wandsworth,1087,31,7,120,0,201,126,1648,159,48,3,26,3927,12,0,0,0,8,0,0,2013
E09000033,Westminster,270,76,2,476,0,2145,447,603,1189,2095,12,110,7576,212,0,0,9,659,0,0,2013
NaN,England,"58,360","2,694","2,805","7,364",273,"67,151","21,780","197,312","21,644","29,216",789,421,"409,809","5,005",139,277,918,"5,087",41,5,2014
NaN,London boroughs,"10,164",658,199,"1,900",4,"13,159","3,119","34,068","5,251","5,342",87,218,"74,169","2,623",53,78,267,"2,381",6,0,2014
E09000002,Barking and Dagenham,63,5,9,20,0,87,36,306,26,3,0,0,555,51,2,0,5,3,0,0,2014
E09000003,Barnet,493,7,0,2,0,540,74,"2,066",109,117,1,1,"3,410",77,0,0,5,43,0,0,2014
E09000004,Bexley,134,2,4,8,0,220,69,"1,103",63,7,0,0,"1,610",5,0,1,1,34,0,0,2014
E09000005,Brent,210,17,30,66,0,542,71,"1,200",104,4,0,4,"2,248",199,1,0,0,253,0,0,2014
E09000006,Bromley,234,4,0,2,0,546,109,"1,909",126,29,2,0,"2,961",19,0,0,3,7,0,0,2014
E09000007,Camden,860,133,1,161,0,225,131,507,262,553,7,9,"2,849",56,0,0,0,0,0,0,2014
E09000001,City of London,11,93,3,42,0,91,80,0,98,123,2,0,543,0,0,0,0,0,0,0,2014
E09000008,Croydon,393,18,6,96,0,296,100,"1,108",209,13,0,0,"2,239",19,0,1,0,0,0,0,2014
E09000009,Ealing,287,12,24,40,0,563,119,"1,309",117,65,3,1,"2,540",102,0,2,4,185,1,0,2014
E09000010,Enfield,211,8,17,47,0,358,90,996,80,18,1,1,"1,827",33,1,4,3,18,0,0,2014
E09000011,Greenwich,114,1,0,2,0,407,101,734,103,108,1,1,"1,572",10,0,2,2,4,0,0,2014
E09000012,Hackney,225,13,1,11,0,633,143,543,92,83,5,2,"1,751",54,1,9,4,7,2,0,2014
E09000013,Hammersmith and Fulham,316,15,1,58,0,192,79,"1,429",648,60,18,3,"2,819",317,1,4,18,86,0,0,2014
E09000014,Haringey,207,12,1,60,0,111,86,"1,270",77,40,1,0,"1,865",104,0,1,2,96,0,0,2014
E09000015,Harrow,199,21,5,65,0,177,24,"1,206",70,33,0,0,"1,800",36,0,0,0,0,0,0,2014
E09000016,Havering,226,3,9,10,2,190,82,"1,013",83,11,0,0,"1,629",19,0,0,0,4,0,0,2014
E09000017,Hillingdon,264,42,15,61,0,238,66,"1,572",97,31,0,1,"2,387",81,0,0,0,193,0,0,2014
E09000018,Hounslow,168,15,20,78,1,240,62,"1,165",158,45,1,0,"1,953",156,0,0,3,106,0,0,2014
E09000019,Islington,276,32,0,35,0,576,88,665,152,317,2,0,"2,143",78,0,0,14,12,0,0,2014
E09000020,Kensington and Chelsea,985,6,1,108,0,281,155,"1,335",214,749,12,6,"3,852",62,0,20,71,15,1,0,2014
E09000021,Kingston upon Thames,174,4,2,22,0,190,50,"1,104",75,22,0,160,"1,803",0,0,0,0,0,0,0,2014
E09000022,Lambeth,277,7,3,4,0,671,102,"1,306",139,144,4,2,"2,659",21,0,0,2,9,0,0,2014
E09000023,Lewisham,195,2,5,1,0,769,52,687,54,39,1,2,"1,807",4,0,0,0,14,0,0,2014
E09000024,Merton,191,1,1,5,0,178,51,"1,191",70,30,0,1,"1,719",13,0,0,0,1,0,0,2014
E09000025,Newham,127,1,3,17,0,358,62,424,85,19,0,1,"1,097",453,37,25,8,204,1,0,2014
E09000026,Redbridge,155,1,1,0,0,317,80,"1,232",73,13,1,2,"1,875",87,0,6,90,4,0,0,2014
E09000027,Richmond upon Thames,159,15,3,35,0,861,67,"1,940",121,132,0,1,"3,334",8,0,0,0,25,0,0,2014
E09000028,Southwark,610,33,14,89,0,215,100,643,148,151,1,1,"2,005",35,0,2,6,56,1,0,2014
E09000029,Sutton,158,7,2,19,1,198,44,746,57,18,1,1,"1,252",6,0,0,1,0,0,0,2014
E09000030,Tower Hamlets,379,31,2,68,0,269,123,279,146,191,3,3,"1,494",107,0,1,4,3,0,0,2014
E09000031,Waltham Forest,300,1,3,27,0,158,67,530,58,8,1,3,"1,156",40,0,0,2,0,0,0,2014
E09000032,Wandsworth,"1,267",27,12,100,0,130,80,"1,815",141,49,0,0,"3,621",17,0,0,0,6,0,0,2014
E09000033,Westminster,296,69,1,541,0,"2,332",476,735,"1,196","2,117",19,12,"7,794",354,10,0,19,993,0,0,2014
NaN,England,"62,625","2,719","2,915","6,701",249,"66,252","21,458","209,436","21,901","29,732",461,258,"424,707","5,014",151,264,805,"4,459",43,0,2015
NaN,London boroughs,"11,198",658,188,"1,809",6,"13,406","2,909","36,794","5,030","5,470",48,81,"77,597","2,544",57,79,237,"1,540",1,0,2015
E09000002,Barking and Dagenham,82,1,17,26,0,101,58,388,51,1,0,0,725,88,1,0,16,0,0,0,2015
E09000003,Barnet,569,12,0,0,0,657,64,"2,189",123,109,1,0,"3,724",106,0,1,0,48,0,0,2015
E09000004,Bexley,172,10,12,46,1,141,79,"1,225",73,4,0,0,"1,763",1,0,0,2,14,0,0,2015
E09000005,Brent,265,11,20,70,0,576,50,"1,341",80,18,0,0,"2,431",164,0,0,4,64,0,0,2015
E09000006,Bromley,437,10,14,24,3,362,87,"2,047",104,38,3,1,"3,130",6,0,0,5,5,0,0,2015
E09000007,Camden,727,111,0,136,0,360,119,514,276,547,0,1,"2,791",43,0,0,1,57,1,0,2015
E09000001,City of London,7,115,0,43,0,90,57,0,120,174,0,0,606,0,0,0,0,0,0,0,2015
E09000008,Croydon,540,16,2,84,0,313,108,"1,313",120,11,0,0,"2,507",6,0,0,1,0,0,0,2015
E09000009,Ealing,291,10,27,22,0,574,79,"1,461",108,44,2,0,"2,618",46,1,5,2,40,0,0,2015
E09000010,Enfield,263,6,5,20,0,329,86,"1,238",88,13,0,0,"2,048",142,2,8,6,27,0,0,2015
E09000011,Greenwich,86,0,2,0,0,430,73,859,122,101,0,0,"1,673",18,0,1,1,12,0,0,2015
E09000012,Hackney,244,13,2,6,0,623,119,573,133,85,4,0,"1,802",41,0,0,2,0,0,0,2015
E09000013,Hammersmith and Fulham,361,20,0,57,0,206,121,"1,766",135,64,0,0,"2,730",663,1,1,8,590,0,0,2015
E09000014,Haringey,268,6,5,53,0,124,103,"1,459",108,38,0,0,"2,164",118,0,4,11,66,0,0,2015
E09000015,Harrow,280,31,5,65,0,146,34,"1,403",63,31,0,0,"2,058",12,0,0,2,0,0,0,2015
E09000016,Havering,188,7,10,15,1,166,61,"1,181",76,7,0,0,"1,712",47,0,1,3,0,0,0,2015
E09000017,Hillingdon,244,23,7,58,0,252,48,"1,739",92,38,0,0,"2,501",52,1,0,9,44,0,0,2015
E09000018,Hounslow,207,23,24,53,1,324,57,"1,213",113,77,1,0,"2,093",87,0,2,16,29,0,0,2015
E09000019,Islington,310,18,0,23,0,529,106,556,200,326,5,1,"2,074",78,1,1,4,0,0,0,2015
E09000020,Kensington and Chelsea,"1,273",4,0,130,0,351,203,"1,516",294,966,4,74,"4,815",60,14,30,52,14,0,0,2015
E09000021,Kingston upon Thames,179,0,2,20,0,242,35,"1,153",78,30,2,0,"1,741",0,0,0,0,0,0,0,2015
E09000022,Lambeth,219,4,1,1,0,654,111,"1,328",166,143,9,2,"2,638",34,0,0,12,13,0,0,2015
E09000023,Lewisham,235,1,4,9,0,809,59,751,62,40,3,0,"1,973",32,0,0,0,75,0,0,2015
E09000024,Merton,172,2,2,2,0,195,39,"1,358",74,29,0,0,"1,873",27,0,1,0,0,0,0,2015
E09000025,Newham,145,0,1,2,0,388,52,554,72,7,0,0,"1,221",357,32,15,1,118,0,0,2015
E09000026,Redbridge,134,0,1,0,0,231,44,"1,003",66,13,0,0,"1,492",43,1,0,67,12,0,0,2015
E09000027,Richmond upon Thames,160,11,2,26,0,"1,099",54,"1,986",123,132,2,0,"3,595",29,0,0,1,3,0,0,2015
E09000028,Southwark,625,26,5,71,0,284,116,714,164,207,2,0,"2,214",25,0,9,3,65,0,0,2015
E09000029,Sutton,217,4,0,14,0,239,35,847,66,20,1,0,"1,443",5,0,0,1,0,0,0,2015
E09000030,Tower Hamlets,359,46,3,102,0,203,110,303,240,182,0,0,"1,548",17,0,0,1,1,0,0,2015
E09000031,Waltham Forest,470,1,3,22,0,166,63,640,51,2,0,0,"1,418",12,3,0,0,4,0,0,2015
E09000032,Wandsworth,"1,231",34,8,121,0,119,61,"1,644",201,48,2,1,"3,470",44,0,0,3,17,0,0,2015
E09000033,Westminster,238,82,4,488,0,"2,123",418,532,"1,188","1,925",7,1,"7,006",141,0,0,3,222,0,0,2015
NaN,England,"67,028","2,632","3,016","6,525",256,"64,522","22,239","219,663","22,313","30,861",424,133,"439,612","4,400",141,208,698,"4,812",49,6,2016
NaN,London boroughs,"11,931",628,216,"1,941",3,"13,724","2,810","37,027","5,513","5,506",49,6,"79,354","1,775",25,43,112,"1,255",2,0,2016
E09000002,Barking and Dagenham,92,5,15,36,0,102,51,655,74,6,4,0,"1,040",77,0,0,8,0,0,0,2016
E09000003,Barnet,589,11,1,3,0,658,68,"2,086",133,109,1,0,"3,659",91,0,1,0,12,0,0,2016
E09000004,Bexley,194,8,15,69,1,128,77,"1,374",97,8,0,0,"1,971",2,0,0,0,11,0,0,2016
E09000005,Brent,310,11,20,105,0,605,58,"1,307",129,12,1,0,"2,558",181,0,0,2,97,0,0,2016
E09000006,Bromley,291,0,3,10,0,635,96,"2,155",138,29,1,0,"3,358",20,0,0,3,15,0,0,2016
E09000007,Camden,753,103,3,146,0,371,110,443,318,583,6,1,"2,837",21,0,0,1,10,0,0,2016
E09000001,City of London,3,83,1,34,0,97,60,0,134,154,0,0,566,0,0,0,0,0,0,0,2016
E09000008,Croydon,640,17,2,110,0,321,95,"1,466",166,17,1,0,"2,835",5,0,1,0,0,0,0,2016
E09000009,Ealing,481,16,42,66,0,581,49,"1,346",157,35,2,0,"2,775",110,1,3,2,114,0,0,2016
E09000010,Enfield,332,1,8,6,0,498,97,"1,192",98,16,2,0,"2,250",39,0,6,2,41,0,0,2016
E09000011,Greenwich,115,0,1,0,0,398,86,865,126,113,1,0,"1,705",6,0,0,0,7,0,0,2016
E09000012,Hackney,221,20,0,15,0,582,105,538,123,80,0,0,"1,684",38,0,0,4,0,0,0,2016
E09000013,Hammersmith and Fulham,382,17,0,49,0,222,93,"1,581",129,51,0,1,"2,525",39,0,0,0,22,0,0,2016
E09000014,Haringey,317,2,4,37,0,219,101,"1,416",111,41,2,0,"2,250",145,0,2,12,76,0,0,2016
E09000015,Harrow,260,19,11,43,0,213,39,"1,410",71,30,0,0,"2,096",11,0,0,0,0,0,0,2016
E09000016,Havering,241,6,17,13,1,173,81,"1,317",80,12,1,2,"1,944",127,1,1,1,3,1,0,2016
E09000017,Hillingdon,291,5,11,41,0,227,49,"1,698",106,36,0,0,"2,464",45,0,0,3,44,0,0,2016
E09000018,Hounslow,226,20,17,47,0,334,55,"1,234",129,64,0,0,"2,126",48,0,3,3,92,0,0,2016
E09000019,Islington,560,87,7,86,0,253,54,482,223,328,3,0,"2,083",40,0,1,10,10,0,0,2016
E09000020,Kensington and Chelsea,877,5,1,128,0,278,204,"1,336",177,711,1,0,"3,718",63,0,14,15,5,0,0,2016
E09000021,Kingston upon Thames,222,1,1,8,1,180,45,"1,136",106,19,3,0,"1,722",0,0,0,0,0,0,0,2016
E09000022,Lambeth,257,3,1,1,0,678,115,"1,358",245,162,7,1,"2,828",31,0,0,6,11,0,0,2016
E09000023,Lewisham,267,4,5,4,0,645,58,756,126,42,0,0,"1,907",40,0,0,0,39,0,0,2016
E09000024,Merton,287,1,2,4,0,216,32,"1,255",117,28,1,0,"1,943",10,0,0,0,2,0,0,2016
E09000025,Newham,177,2,3,3,0,408,58,597,83,11,0,0,"1,342",278,22,8,1,139,0,0,2016
E09000026,Redbridge,109,0,0,0,0,195,65,"1,395",88,15,0,0,"1,867",20,0,0,23,3,0,0,2016
E09000027,Richmond upon Thames,164,8,1,21,0,991,47,"1,775",96,107,0,1,"3,211",9,0,0,0,0,0,0,2016
E09000028,Southwark,618,26,5,78,0,312,121,741,198,227,1,0,"2,327",32,0,1,0,180,1,0,2016
E09000029,Sutton,245,5,1,1,0,232,41,947,87,20,0,0,"1,579",18,0,0,0,0,0,0,2016
E09000030,Tower Hamlets,342,64,3,70,0,220,109,229,191,208,1,0,"1,437",46,0,0,4,0,0,0,2016
E09000031,Waltham Forest,537,4,1,21,0,227,62,670,74,8,0,0,"1,604",32,1,2,2,40,0,0,2016
E09000032,Wandsworth,"1,310",22,11,112,0,114,63,"1,631",210,37,3,0,"3,513",22,0,0,1,11,0,0,2016
E09000033,Westminster,221,52,3,574,0,"2,411",366,636,"1,173","2,187",7,0,"7,630",129,0,0,9,271,0,0,2016
NaN,England,"66,203","2,482","2,807","5,579",303,"63,312","22,247","219,417","19,225","29,424",364,117,"431,480","4,273",100,249,759,"4,802",56,1,2017
NaN,London boroughs,"11,540",632,169,"1,591",3,"13,080","2,743","35,558","4,461","4,783",28,3,"74,591","1,650",19,48,141,"1,416",5,0,2017
E09000002,Barking and Dagenham,109,4,6,22,0,89,56,654,60,3,0,0,"1,003",83,1,1,12,1,0,0,2017
E09000003,Barnet,694,7,1,1,0,669,103,"2,069",125,103,0,1,"3,773",200,0,1,6,36,0,0,2017
E09000004,Bexley,171,16,11,39,0,83,75,"1,414",50,9,0,0,"1,868",4,0,0,0,11,0,0,2017
E09000005,Brent,474,12,31,63,0,501,78,"1,218",121,13,0,0,"2,511",169,0,0,4,66,2,0,2017
E09000006,Bromley,228,2,5,1,0,653,62,"2,175",97,33,3,0,"3,259",35,0,0,3,2,0,0,2017
E09000007,Camden,602,115,4,99,0,328,113,435,217,458,4,0,"2,375",18,0,0,0,3,0,0,2017
E09000001,City of London,3,73,1,31,0,98,69,4,138,157,0,0,574,0,0,0,0,34,0,0,2017
E09000008,Croydon,576,8,6,47,0,337,79,"1,311",78,16,0,0,"2,458",6,0,0,3,1,0,0,2017
E09000009,Ealing,489,7,21,64,0,500,53,"1,238",68,42,6,0,"2,488",76,0,4,0,73,0,0,2017
E09000010,Enfield,401,6,5,10,0,423,93,"1,227",108,16,2,0,"2,291",18,3,1,4,131,0,0,2017
E09000011,Greenwich,131,0,1,1,0,340,68,884,97,74,2,0,"1,598",13,0,1,1,32,0,0,2017
E09000012,Hackney,264,18,1,12,0,681,92,547,144,68,1,0,"1,828",65,0,0,1,0,0,0,2017
E09000013,Hammersmith and Fulham,338,13,0,36,0,215,96,"1,267",114,47,0,1,"2,127",154,0,0,0,0,0,0,2017
E09000014,Haringey,198,9,8,3,0,420,85,"1,013",63,35,0,1,"1,835",77,0,5,6,95,0,0,2017
E09000015,Harrow,294,33,5,39,0,203,28,"1,403",43,26,0,0,"2,074",9,0,1,0,0,0,0,2017
E09000016,Havering,241,5,8,16,2,160,60,"1,277",58,8,0,0,"1,835",41,1,7,8,5,0,0,2017
E09000017,Hillingdon,334,9,2,32,0,216,70,"1,841",118,52,0,0,"2,674",52,2,2,5,43,0,0,2017
E09000018,Hounslow,239,20,17,44,0,352,77,"1,170",93,63,0,0,"2,075",57,0,1,1,97,0,0,2017
E09000019,Islington,679,97,9,110,0,86,38,459,140,314,1,0,"1,933",49,0,1,6,15,0,0,2017
E09000020,Kensington and Chelsea,672,1,0,78,0,299,159,910,209,601,0,0,"2,929",17,2,16,25,24,0,0,2017
E09000021,Kingston upon Thames,181,2,0,10,1,219,36,"1,113",76,23,0,0,"1,661",1,0,0,0,6,0,0,2017
E09000022,Lambeth,234,5,1,2,0,617,118,"1,341",214,108,5,0,"2,645",18,0,0,8,29,0,0,2017
E09000023,Lewisham,240,2,3,2,0,625,76,941,96,61,0,0,"2,046",22,0,0,1,38,0,0,2017
E09000024,Merton,264,0,0,0,0,195,45,"1,295",71,20,1,0,"1,891",4,0,0,0,1,0,0,2017
E09000025,Newham,208,1,2,7,0,475,52,717,96,9,0,0,"1,567",165,7,5,2,84,0,0,2017
E09000026,Redbridge,253,0,1,0,0,283,65,"1,498",63,9,0,0,"2,172",15,0,0,29,0,0,0,2017
E09000027,Richmond upon Thames,204,12,0,30,0,740,49,"1,766",75,93,0,0,"2,969",15,0,0,0,0,0,0,2017
E09000028,Southwark,549,23,4,58,0,296,115,638,205,192,0,0,"2,080",59,2,1,3,86,3,0,2017
E09000029,Sutton,199,2,0,5,0,230,46,919,61,14,1,0,"1,477",23,0,0,0,0,0,0,2017
E09000030,Tower Hamlets,180,50,4,66,0,358,118,210,116,175,1,0,"1,278",26,0,0,2,0,0,0,2017
E09000031,Waltham Forest,600,2,2,19,0,191,98,619,49,6,0,0,"1,586",16,1,1,0,20,0,0,2017
E09000032,Wandsworth,"1,134",31,8,104,0,159,52,"1,408",147,38,1,0,"3,082",18,0,0,4,10,0,0,2017
E09000033,Westminster,157,47,2,540,0,"2,039",319,577,"1,051","1,897",0,0,"6,629",125,0,0,7,473,0,0,2017
NaN,England,"62,407","2,389","2,661","4,670",236,"59,876","20,783","208,109","16,889","27,743",359,97,"406,219","3,867",135,228,698,"4,144",41,2,2018
NaN,London boroughs,"10,240",624,137,"1,362",4,"11,963","2,676","31,882","4,234","4,512",23,6,"67,663","1,376",21,31,147,867,0,0,2018
E09000002,Barking and Dagenham,138,3,7,9,0,73,37,488,42,1,0,0,798,57,0,0,3,0,0,0,2018
E09000003,Barnet,567,4,1,4,0,534,118,"1,903",104,94,0,5,"3,334",128,0,1,10,75,0,0,2018
E09000004,Bexley,143,6,6,42,0,112,67,"1,285",53,5,0,0,"1,719",19,3,6,4,7,0,0,2018
E09000005,Brent,448,10,20,40,0,504,80,"1,106",97,2,0,0,"2,307",141,0,0,2,59,0,0,2018
E09000006,Bromley,232,3,2,6,1,519,72,"1,972",97,26,2,0,"2,932",31,0,0,2,1,0,0,2018
E09000007,Camden,591,111,0,105,0,344,88,339,220,479,3,0,"2,280",43,0,0,5,50,0,0,2018
E09000001,City of London,7,94,0,35,0,94,54,5,118,144,0,0,551,0,0,0,0,0,0,0,2018
E09000008,Croydon,538,13,5,31,0,348,91,"1,154",86,19,0,0,"2,285",3,0,0,0,0,0,0,2018
E09000009,Ealing,458,15,13,80,0,488,68,"1,121",81,48,2,0,"2,374",82,0,1,0,45,0,0,2018
E09000010,Enfield,330,5,6,6,0,339,82,"1,057",87,20,0,0,"1,932",15,0,1,3,5,0,0,2018
E09000011,Greenwich,201,1,2,1,0,463,86,887,73,87,0,0,"1,801",7,0,0,1,17,0,0,2018
E09000012,Hackney,267,21,0,9,0,739,121,592,111,83,0,0,"1,943",20,0,0,0,0,0,0,2018
E09000013,Hammersmith and Fulham,297,12,1,37,0,191,98,"1,133",130,59,0,0,"1,958",12,0,0,1,0,0,0,2018
E09000014,Haringey,231,9,6,10,0,290,105,979,87,30,1,0,"1,748",98,0,2,16,75,0,0,2018
E09000015,Harrow,279,28,3,52,0,146,30,"1,395",83,19,0,0,"2,035",38,0,0,2,0,0,0,2018
E09000016,Havering,255,5,11,4,1,195,72,"1,205",74,8,0,0,"1,830",48,0,1,3,1,0,0,2018
E09000017,Hillingdon,318,3,1,7,1,262,72,"1,657",73,36,1,0,"2,431",27,1,1,1,27,0,0,2018
E09000018,Hounslow,207,22,11,27,0,280,63,974,111,41,0,0,"1,736",49,3,3,7,37,0,0,2018
E09000019,Islington,515,63,13,79,0,113,49,411,136,271,0,0,"1,650",43,0,0,1,18,0,0,2018
E09000020,Kensington and Chelsea,575,10,0,63,0,300,124,772,212,511,0,0,"2,567",17,2,11,30,2,0,0,2018
E09000021,Kingston upon Thames,155,3,0,6,1,169,37,934,38,21,0,0,"1,364",1,0,0,2,5,0,0,2018
E09000022,Lambeth,165,3,1,0,0,549,81,986,119,148,8,0,"2,060",23,0,0,10,25,0,0,2018
E09000023,Lewisham,211,7,1,1,0,545,85,837,86,28,0,0,"1,801",34,0,0,1,26,0,0,2018
E09000024,Merton,228,0,0,1,0,162,46,"1,052",64,21,1,0,"1,575",19,0,0,0,2,0,0,2018
E09000025,Newham,162,0,0,1,0,413,25,596,95,17,0,0,"1,309",154,12,4,2,55,0,0,2018
E09000026,Redbridge,195,0,0,0,0,260,72,"1,126",44,13,0,0,"1,710",15,0,0,26,0,0,0,2018
E09000027,Richmond upon Thames,150,12,0,25,0,645,46,"1,740",66,115,0,0,"2,799",12,0,0,0,0,0,0,2018
E09000028,Southwark,489,29,6,54,0,257,112,622,170,182,1,0,"1,922",14,0,0,2,39,0,0,2018
E09000029,Sutton,200,6,4,7,0,163,36,868,52,19,0,1,"1,356",12,0,0,1,0,0,0,2018
E09000030,Tower Hamlets,141,37,6,40,0,311,107,228,133,163,2,0,"1,168",10,0,0,2,0,0,0,2018
E09000031,Waltham Forest,428,1,2,1,0,129,57,774,40,7,1,0,"1,440",69,0,0,3,77,0,0,2018
E09000032,Wandsworth,986,40,8,107,0,127,77,"1,249",146,59,0,0,"2,799",13,0,0,5,10,0,0,2018
E09000033,Westminster,133,48,1,472,0,"1,899",318,435,"1,106","1,736",1,0,"6,149",122,0,0,2,209,0,0,2018
NaN,England,"54,769","2,034","2,434","3,704",248,"52,915","18,479","183,957","13,191","24,701",317,88,"356,837","3,126",86,194,666,"3,452",44,7,2019
NaN,London boroughs,"9,364",484,169,"1,012",3,"10,568","2,607","27,520","2,952","3,990",21,0,"58,810","1,253",17,19,243,"1,037",1,0,2019
E09000002,Barking and Dagenham,129,1,15,8,0,112,26,505,45,7,1,0,849,52,1,1,7,0,0,0,2019
E09000003,Barnet,421,4,0,0,0,471,141,"1,525",75,68,0,0,"2,705",117,0,1,11,114,0,0,2019
E09000004,Bexley,178,6,29,13,0,69,79,"1,218",34,8,0,0,"1,634",18,0,0,4,21,0,0,2019
E09000005,Brent,390,9,16,32,0,435,89,882,67,5,0,0,"1,925",157,0,0,10,67,0,0,2019
E09000006,Bromley,156,0,0,7,1,486,75,"1,720",48,22,2,0,"2,517",55,0,0,7,5,0,0,2019
E09000007,Camden,434,84,0,76,0,332,74,311,171,440,0,0,"1,922",64,0,0,7,39,0,0,2019
E09000001,City of London,2,65,0,15,0,111,59,3,93,140,0,0,488,0,0,0,0,0,0,0,2019
E09000008,Croydon,571,8,5,12,0,289,113,"1,084",61,12,1,0,"2,156",1,0,0,1,1,0,0,2019
E09000009,Ealing,473,25,29,68,0,418,65,970,51,31,0,0,"2,130",143,0,2,3,271,0,0,2019
E09000010,Enfield,309,14,13,29,0,245,84,946,59,28,1,0,"1,728",6,0,0,0,10,0,0,2019
E09000011,Greenwich,125,2,0,1,0,267,66,601,49,71,3,0,"1,185",8,0,0,2,13,0,0,2019
E09000012,Hackney,271,17,0,15,0,615,96,372,77,82,1,0,"1,546",22,1,0,3,0,0,0,2019
E09000013,Hammersmith and Fulham,222,8,0,17,0,125,70,849,50,43,0,0,"1,384",9,0,0,2,2,0,0,2019
E09000014,Haringey,176,3,8,13,1,230,98,856,44,38,0,0,"1,467",82,3,2,22,122,0,0,2019
E09000015,Harrow,241,18,3,44,0,181,34,"1,128",33,19,1,0,"1,702",28,0,0,7,0,0,0,2019
E09000016,Havering,249,7,5,6,1,122,90,"1,159",37,4,0,0,"1,680",38,0,5,6,0,1,0,2019
E09000017,Hillingdon,359,1,5,4,0,267,63,"1,532",94,35,1,0,"2,361",17,0,1,2,39,0,0,2019
E09000018,Hounslow,173,6,11,14,0,324,93,794,86,42,0,0,"1,543",31,2,1,7,26,0,0,2019
E09000019,Islington,436,83,1,58,0,117,34,370,88,224,1,0,"1,412",14,4,0,0,5,0,0,2019
E09000020,Kensington and Chelsea,511,0,0,58,0,194,124,602,136,471,1,0,"2,097",35,0,5,6,0,0,0,2019
E09000021,Kingston upon Thames,157,1,1,8,0,164,45,890,54,19,0,0,"1,339",0,0,0,2,4,0,0,2019
E09000022,Lambeth,120,4,1,0,0,641,89,753,96,152,2,0,"1,858",33,0,0,10,36,0,0,2019
E09000023,Lewisham,212,2,0,0,0,464,68,716,56,44,0,0,"1,562",4,0,0,1,65,0,0,2019
E09000024,Merton,155,0,1,0,0,160,34,811,39,22,0,0,"1,222",3,0,0,0,0,0,0,2019
E09000025,Newham,241,0,0,3,0,453,32,531,88,14,0,0,"1,362",23,3,1,0,5,0,0,2019
E09000026,Redbridge,267,0,0,0,0,169,113,"1,283",30,9,0,0,"1,871",54,0,0,107,64,0,0,2019
E09000027,Richmond upon Thames,141,5,0,8,0,694,42,"1,392",51,86,2,0,"2,421",14,0,0,0,0,0,0,2019
E09000028,Southwark,559,9,5,35,0,216,55,551,138,134,0,0,"1,702",3,0,0,0,15,0,0,2019
E09000029,Sutton,215,10,4,22,0,57,48,766,28,17,0,0,"1,167",6,0,0,0,0,0,0,2019
E09000030,Tower Hamlets,127,16,3,31,0,344,91,190,81,126,3,0,"1,012",16,0,0,3,0,0,0,2019
E09000031,Waltham Forest,430,7,9,16,0,91,62,706,38,9,0,0,"1,368",45,2,0,1,73,0,0,2019
E09000032,Wandsworth,812,34,4,57,0,113,56,"1,079",94,55,1,0,"2,305",33,1,0,3,10,0,0,2019
E09000033,Westminster,102,35,1,342,0,"1,592",299,425,761,"1,513",0,0,"5,070",122,0,0,9,30,0,0,2019